Model,r2
r2_cts,0.9935232431472304
r2_pdn,0.9887416391275665
r2_upg,0.9916986808413485
r2_vts,0.994195923675938
