,Model,r2
0,r2_cts,0.9909971852940413
1,r2_pdn,0.9853952711261555
2,r2_upg,0.9812313136346402
3,r2_vts,0.992893067399002
