Model,r2
r2_cts,0.9931193330154573
r2_pdn,0.9902594161662096
r2_upg,0.9927038912266095
r2_vts,0.99536405623515
